[
  {
    "title": "War and Peace",
    "author": "Leo Tolstoy",
    "genre": "Historical Fiction",
    "publicationYear": 1869
  },
  {
    "title": "1984",
    "author": "George Orwell",
    "genre": "Dystopian",
    "publicationYear": 1949
  },
  {
    "title": "To Kill a Mockingbird",
    "author": "Harper Lee",
    "genre": "Classic",
    "publicationYear": 1960
  },
  {
    "title": "The Great Gatsby",
    "author": "F. Scott Fitzgerald",
    "genre": "Classic",
    "publicationYear": 1925
  },
  {
    "title": "Moby-Dick",
    "author": "Herman Melville",
    "genre": "Adventure",
    "publicationYear": 1851
  }
]
